Date,Name,Year,Letterboxd URI,Rating
2021-04-13,Brokeback Mountain,2005,https://boxd.it/2b2q,5
2021-04-13,Go,1999,https://boxd.it/1YHA,3
2021-04-13,Groove,2000,https://boxd.it/1yWO,5
2021-04-13,54,1998,https://boxd.it/255I,5
2021-04-13,Maltese Flamingo,1986,https://boxd.it/xqg,5
2021-04-13,Running from Crazy,2013,https://boxd.it/4YuC,4
2021-04-13,Coming to America,1988,https://boxd.it/1Ygu,4
2021-04-13,My Neighbor Totoro,1988,https://boxd.it/20eA,5
2021-04-13,Boomerang,1992,https://boxd.it/1UIO,4
2021-04-13,Vamp,1986,https://boxd.it/1e6S,3
2021-04-13,Breakfast at Tiffany's,1961,https://boxd.it/2aYS,3
2021-04-13,Arabian Nights,1974,https://boxd.it/KO6,3
2021-04-13,Airplane!,1980,https://boxd.it/29yu,4
2021-04-13,Ferris Bueller's Day Off,1986,https://boxd.it/1YPY,4
2021-04-13,The Wizard of Oz,1939,https://boxd.it/29Xu,5
2021-04-13,A Streetcar Named Desire,1951,https://boxd.it/29Mc,4
2021-04-13,TRON: Legacy,2010,https://boxd.it/1Dlo,2
2021-04-13,Paris Is Burning,1990,https://boxd.it/1jzg,4
2021-04-13,Encino Man,1992,https://boxd.it/1Wls,3
2021-04-13,E.T. the Extra-Terrestrial,1982,https://boxd.it/2a1G,3
2021-04-13,Grace Jones: Bloodlight and Bami,2017,https://boxd.it/gStM,5
2021-04-13,Bohemian Rhapsody,2018,https://boxd.it/f1TK,5
2021-04-13,Captain Phillips,2013,https://boxd.it/3GPK,5
2021-04-13,Skyfall,2012,https://boxd.it/17Fc,3
2021-04-13,Casino Royale,2006,https://boxd.it/1alk,4
2021-04-13,Spectre,2015,https://boxd.it/6bXY,3
2021-04-13,Rio,2011,https://boxd.it/NKc,4
2021-04-13,Avengers: Endgame,2019,https://boxd.it/9vE4,2
2021-04-13,Guardians of the Galaxy,2014,https://boxd.it/3VH2,3
2021-04-13,GoodFellas,1990,https://boxd.it/29FA,4
2021-04-13,"As Above, So Below",2014,https://boxd.it/7yui,3
2021-04-13,I May Destroy You,2020,https://boxd.it/qX9i,5
2021-04-13,The Flowers of War,2011,https://boxd.it/2Evc,5
2021-04-13,American Psycho,2000,https://boxd.it/28Vs,4
2021-04-13,Do the Right Thing,1989,https://boxd.it/29gA,3
2021-04-13,The Lord of the Rings: The Fellowship of the Ring,2001,https://boxd.it/2b5O,4
2021-04-13,Alien,1979,https://boxd.it/2awY,3
2021-04-13,The Lord of the Rings: The Two Towers,2002,https://boxd.it/2b5E,4
2021-04-13,The Lion King,1994,https://boxd.it/201Q,5
2021-04-13,Raiders of the Lost Ark,1981,https://boxd.it/2bbs,4
2021-04-15,The Pianist,2002,https://boxd.it/2aqc,5
2021-04-15,Independence Day,1996,https://boxd.it/2a1w,5
2021-04-15,Defamation,2009,https://boxd.it/nYs,5
2021-04-15,Pretend It's a City,2021,https://boxd.it/tlWs,5
2021-04-15,Mrs. Doubtfire,1993,https://boxd.it/29Cw,5
2021-04-15,Big,1988,https://boxd.it/271S,5
2021-04-15,God's Own Country,2017,https://boxd.it/faZM,4
2021-04-15,Shrek,2001,https://boxd.it/29zi,3
2021-04-15,The Hunger Games,2012,https://boxd.it/2uds,3
2021-04-15,The Hunger Games: Catching Fire,2013,https://boxd.it/3sAw,3
2021-04-15,The Hunger Games: Mockingjay - Part 1,2014,https://boxd.it/4hka,3
2021-04-15,The Hunger Games: Mockingjay - Part 2,2015,https://boxd.it/4hk0,3
2021-04-15,Harry Potter and the Prisoner of Azkaban,2004,https://boxd.it/29Qy,3
2021-04-15,Harry Potter and the Philosopher's Stone,2001,https://boxd.it/29QS,3
2021-04-15,Harry Potter and the Deathly Hallows: Part 2,2011,https://boxd.it/1RYk,3
2021-04-15,Harry Potter and the Chamber of Secrets,2002,https://boxd.it/29QI,3
2021-04-15,Harry Potter and the Goblet of Fire,2005,https://boxd.it/29Qo,3
2021-04-15,Harry Potter and the Order of the Phoenix,2007,https://boxd.it/29Qe,3
2021-04-15,Harry Potter and the Deathly Hallows: Part 1,2010,https://boxd.it/1RYu,3
2021-04-15,Harry Potter and the Half-Blood Prince,2009,https://boxd.it/29FU,3
2021-04-15,The Polar Express,2004,https://boxd.it/23am,3
2021-04-15,Elf,2003,https://boxd.it/1VyK,4
2021-04-15,Kicking & Screaming,2005,https://boxd.it/1XnE,3
2021-04-15,Megamind,2010,https://boxd.it/16Sk,3
2021-04-15,Step Brothers,2008,https://boxd.it/1SsE,4
2021-04-15,The Other Guys,2010,https://boxd.it/1rtq,3
2021-04-15,A Night at the Roxbury,1998,https://boxd.it/1YHK,4
2021-04-15,Land of the Lost,2009,https://boxd.it/1Htc,4
2021-04-15,Get Hard,2015,https://boxd.it/7Axe,3
2021-04-15,Blades of Glory,2007,https://boxd.it/1Xrm,3
2021-04-15,Anchorman: The Legend of Ron Burgundy,2004,https://boxd.it/1ZVo,4
2021-04-15,Anchorman 2: The Legend Continues,2013,https://boxd.it/3GNk,3
2021-04-15,Monty Python and the Holy Grail,1975,https://boxd.it/29GI,4
2021-04-15,Kiki's Delivery Service,1989,https://boxd.it/1JAY,4
2021-04-15,Howl's Moving Castle,2004,https://boxd.it/23De,3
2021-04-15,Grown Ups 2,2013,https://boxd.it/3GAq,1
2021-04-15,Click,2006,https://boxd.it/1YVM,3
2021-04-15,Happy Gilmore,1996,https://boxd.it/1Yey,3
2021-04-15,Jack and Jill,2011,https://boxd.it/2pQu,3
2021-04-15,Billy Madison,1995,https://boxd.it/1UQI,3
2021-04-15,Just Go with It,2011,https://boxd.it/Doq,3
2021-04-15,The Wedding Singer,1998,https://boxd.it/1USO,3
2021-04-15,You Don't Mess with the Zohan,2008,https://boxd.it/1VHs,3
2021-04-15,That's My Boy,2012,https://boxd.it/35IW,3
2021-04-15,Big Daddy,1999,https://boxd.it/1ZkW,3
2021-04-15,The Waterboy,1998,https://boxd.it/1VHi,3
2021-04-15,Pixels,2015,https://boxd.it/7BaA,1
2021-04-15,The Longest Yard,2005,https://boxd.it/1Z3c,2
2021-04-15,Grown Ups,2010,https://boxd.it/169a,4
2021-04-15,Bedtime Stories,2008,https://boxd.it/1WPM,2
2021-04-15,Anger Management,2003,https://boxd.it/1YvO,4
2021-04-15,The Do-Over,2016,https://boxd.it/dA2C,2
2021-04-15,Hotel Transylvania,2012,https://boxd.it/2DF6,3
2021-04-15,Bridesmaids,2011,https://boxd.it/rac,3
2021-04-15,How to Train Your Dragon,2010,https://boxd.it/1WRy,1
2021-04-15,The Martian,2015,https://boxd.it/8SeG,4
2021-04-15,Unaccompanied Minors,2006,https://boxd.it/1Hv8,3
2021-04-15,Ice Age: Dawn of the Dinosaurs,2009,https://boxd.it/20iC,4
2021-04-15,The Secret Life of Walter Mitty,2013,https://boxd.it/3SWy,3
2021-04-15,Zoolander 2,2016,https://boxd.it/aNBE,1.5
2021-04-15,Despicable Me,2010,https://boxd.it/1DD8,3
2021-04-15,Despicable Me 2,2013,https://boxd.it/3gg0,3
2021-04-15,Despicable Me 3,2017,https://boxd.it/azpu,2
2021-04-15,X-Men: Days of Future Past,2014,https://boxd.it/4aRw,3
2021-04-15,X-Men: First Class,2011,https://boxd.it/FOA,2
2021-04-15,X-Men: Apocalypse,2016,https://boxd.it/7eJi,3
2021-04-15,Silver Linings Playbook,2012,https://boxd.it/2TTo,4
2021-04-15,Joy,2015,https://boxd.it/8kEU,3
2021-04-15,Passengers,2016,https://boxd.it/8lFu,3
2021-04-15,Everest,2015,https://boxd.it/7r7Q,3
2021-04-15,Nightcrawler,2014,https://boxd.it/780m,4
2021-04-15,Life,2017,https://boxd.it/dRqG,3
2021-04-15,The Day After Tomorrow,2004,https://boxd.it/2aog,3
2021-04-15,The Great Gatsby,2013,https://boxd.it/JY,4
2021-04-15,How the Grinch Stole Christmas,2000,https://boxd.it/1ZHQ,2
2021-04-15,The Grey,2011,https://boxd.it/2xZE,4
2021-04-15,The Princess Bride,1987,https://boxd.it/26EY,5
2021-04-15,The Mask,1994,https://boxd.it/29rS,3
2021-04-15,Ace Ventura: Pet Detective,1994,https://boxd.it/25RW,3
2021-04-15,Kick-Ass 2,2013,https://boxd.it/hqu,2
2021-04-15,Mr. Popper's Penguins,2011,https://boxd.it/kRS,2
2021-04-15,Zathura: A Space Adventure,2005,https://boxd.it/21mq,4
2021-04-15,Happy Feet,2006,https://boxd.it/1XH0,3
2021-04-15,Flubber,1997,https://boxd.it/1YkQ,4
2021-04-15,Night at the Museum: Secret of the Tomb,2014,https://boxd.it/5x3m,4
2021-04-15,The Birdcage,1996,https://boxd.it/1UTi,3
2021-04-15,Aladdin,1992,https://boxd.it/29yE,4
2021-04-15,Robots,2005,https://boxd.it/1Xve,4
2021-04-15,Night at the Museum,2006,https://boxd.it/28wi,5
2021-04-15,Night at the Museum: Battle of the Smithsonian,2009,https://boxd.it/1H7U,3
2021-04-15,RV,2006,https://boxd.it/1YrW,2
2021-04-15,Hamlet,1996,https://boxd.it/1VZc,5
2021-04-15,Happy Feet Two,2011,https://boxd.it/2Om,2
2021-04-15,World's Greatest Dad,2009,https://boxd.it/1DVG,2
2021-04-15,Old Dogs,2009,https://boxd.it/1zPE,2
2021-04-15,Bambi,1942,https://boxd.it/25AQ,5
2021-04-15,Mulan,1998,https://boxd.it/1VFw,4
2021-04-15,Tangled,2010,https://boxd.it/15gO,3
2021-04-15,Lilo & Stitch,2002,https://boxd.it/1TAY,4
2021-04-15,Cinderella,1950,https://boxd.it/1Uki,3
2021-04-15,Alice in Wonderland,1951,https://boxd.it/1Sz6,4
2021-04-15,One Hundred and One Dalmatians,1961,https://boxd.it/1SeC,4
2021-04-15,Fantasia,1940,https://boxd.it/29HG,4
2021-04-15,The Little Mermaid,1989,https://boxd.it/1WYO,4
2021-04-15,Pinocchio,1940,https://boxd.it/1V8C,4
2021-04-15,Lady and the Tramp,1955,https://boxd.it/1Wv8,5
2021-04-15,Frozen II,2019,https://boxd.it/aPvo,3
2021-04-15,Dumbo,1941,https://boxd.it/1U2o,3
2021-04-15,Coco,2017,https://boxd.it/bYJQ,4
2021-04-15,The Many Adventures of Winnie the Pooh,1977,https://boxd.it/7l0Y,5
2021-04-15,Muppet Treasure Island,1996,https://boxd.it/1VaS,2
2021-04-15,Robin Hood,1973,https://boxd.it/1SRa,4
2021-04-15,Hercules,1997,https://boxd.it/1SDW,4
2021-04-15,Enchanted,2007,https://boxd.it/24co,3
2021-04-15,The Jungle Book,1967,https://boxd.it/1YY2,4
2021-04-15,The Princess and the Frog,2009,https://boxd.it/1WQq,4
2021-04-15,Peter Pan,1953,https://boxd.it/1VCC,4
2021-04-15,Muppets from Space,1999,https://boxd.it/1WOO,4
2021-04-15,Up,2009,https://boxd.it/1OEc,4
2021-04-15,Snow White and the Seven Dwarfs,1937,https://boxd.it/2arO,4
2021-04-15,Swiss Family Robinson,1960,https://boxd.it/1GX6,4
2021-04-15,Frozen,2013,https://boxd.it/3GNa,3
2021-04-15,Brother Bear,2003,https://boxd.it/1Xjs,3
2021-04-15,The Princess Diaries,2001,https://boxd.it/1XCO,3
2021-04-15,Treasure Planet,2002,https://boxd.it/1Znm,3
2021-04-15,Beauty and the Beast,1991,https://boxd.it/1XhG,4
2021-04-15,Toy Story,1995,https://boxd.it/29qA,3
2021-04-15,101 Dalmatians,1996,https://boxd.it/1TgO,3
2021-04-15,Tarzan,1999,https://boxd.it/18YO,4
2021-04-15,The Emperor's New Groove,2000,https://boxd.it/1Tey,4
2021-04-15,Pirates of the Caribbean: The Curse of the Black Pearl,2003,https://boxd.it/70G,3
2021-04-15,Herbie Fully Loaded,2005,https://boxd.it/1TP0,4
2021-04-15,"The Chronicles of Narnia: The Lion, the Witch and the Wardrobe",2005,https://boxd.it/2ark,4
2021-04-15,WALL·E,2008,https://boxd.it/1VEo,4
2021-04-15,A Christmas Carol,2009,https://boxd.it/1HKW,3
2021-04-15,Pirates of the Caribbean: At World's End,2007,https://boxd.it/2aGu,3
2021-04-15,The Incredibles,2004,https://boxd.it/1XLm,4
2021-04-15,Ratatouille,2007,https://boxd.it/27ww,4.5
2021-04-15,Alice in Wonderland,2010,https://boxd.it/1Spq,4.5
2021-04-15,Toy Story 3,2010,https://boxd.it/1WRe,4
2021-04-15,Pirates of the Caribbean: On Stranger Tides,2011,https://boxd.it/27Z4,4
2021-04-15,The Lone Ranger,2013,https://boxd.it/ngU,3
2021-04-15,Maleficent,2014,https://boxd.it/3v1u,4
2021-04-15,Into the Woods,2014,https://boxd.it/6DtW,2
2021-04-15,Big Hero 6,2014,https://boxd.it/5rje,2
2021-04-15,The Finest Hours,2016,https://boxd.it/9yAa,2
2021-04-15,Pirates of the Caribbean: Dead Men Tell No Tales,2017,https://boxd.it/5a9m,2
2021-04-15,Alice Through the Looking Glass,2016,https://boxd.it/75Yo,3
2021-04-15,Finding Nemo,2003,https://boxd.it/72i,5
2021-04-15,"Monsters, Inc.",2001,https://boxd.it/2a46,5
2021-04-15,Cars,2006,https://boxd.it/29ho,3
2021-04-15,Cars 3,2017,https://boxd.it/7IPq,2
2021-04-15,A Bug's Life,1998,https://boxd.it/1Yyy,5
2021-04-15,Brave,2012,https://boxd.it/bVG,2
2021-04-15,Monsters University,2013,https://boxd.it/bQm,2
2021-04-15,The Pink Panther,2006,https://boxd.it/1Sys,3
2021-04-15,The Pink Panther 2,2009,https://boxd.it/1MHy,2
2021-04-15,Scooby-Doo,2002,https://boxd.it/1YaQ,4
2021-04-15,The Witches,1990,https://boxd.it/1WVg,5
2021-04-15,Love Actually,2003,https://boxd.it/2aeU,3
2021-04-15,Mr. Bean's Holiday,2007,https://boxd.it/28Yc,5
2021-04-15,Johnny English,2003,https://boxd.it/1YyI,3
2021-04-15,Johnny English Reborn,2011,https://boxd.it/kQq,2.5
2021-04-15,Bean,1997,https://boxd.it/28WA,5
2021-04-15,Johnny English Strikes Again,2018,https://boxd.it/gzGW,3
2021-04-15,Blackadder's Christmas Carol,1988,https://boxd.it/BOw,4
2021-04-15,Blackadder: Back & Forth,1999,https://boxd.it/5QYG,3.5
2021-04-15,"Merry Christmas, Mr. Bean",1992,https://boxd.it/sn5e,3
2021-04-15,The Story of Bean,1997,https://boxd.it/2R28,4
2021-04-15,The Devil Wears Prada,2006,https://boxd.it/2awE,5
2021-04-15,August: Osage County,2013,https://boxd.it/4OhI,5
2021-04-15,Get Smart,2008,https://boxd.it/1Tig,3
2021-04-15,Valentine's Day,2010,https://boxd.it/1gui,2.5
2021-04-15,Ella Enchanted,2004,https://boxd.it/1O5G,3
2021-04-15,Hoodwinked!,2005,https://boxd.it/1UVS,3
2021-04-15,Bride Wars,2009,https://boxd.it/1W3I,2.5
2021-04-15,Passengers,2008,https://boxd.it/1P4E,2
2021-04-15,The Nice Guys,2016,https://boxd.it/94Hg,3
2021-04-15,The Big Short,2015,https://boxd.it/ajZw,1.5
2021-04-15,Flight,2012,https://boxd.it/35Ca,3
2021-04-15,Lean On Me,1989,https://boxd.it/1NIC,5
2021-04-15,The Dark Knight,2008,https://boxd.it/2b0k,2.5
2021-04-15,The Dark Knight Rises,2012,https://boxd.it/H3m,2.5
2021-04-15,The Lego Movie,2014,https://boxd.it/4pDO,2
2021-04-15,Batman Begins,2005,https://boxd.it/2aIg,2
2021-04-15,Now You See Me,2013,https://boxd.it/2Bsu,3
2021-04-15,Now You See Me 2,2016,https://boxd.it/99fw,1.5
2021-04-15,Oblivion,2013,https://boxd.it/2Bzq,3.5
2021-04-15,RED,2010,https://boxd.it/13uu,3.5
2021-04-15,The Bucket List,2007,https://boxd.it/20Ye,3
2021-04-15,London Has Fallen,2016,https://boxd.it/814o,2.5
2021-04-15,Deep Impact,1998,https://boxd.it/1ZYM,2
2021-04-15,Angel Has Fallen,2019,https://boxd.it/eYfC,2.5
2021-04-15,Outbreak,1995,https://boxd.it/21io,3
2021-04-15,Going in Style,2017,https://boxd.it/bSKS,3
2021-04-15,March of the Penguins,2005,https://boxd.it/28lE,5
2021-04-15,Dolphin Tale 2,2014,https://boxd.it/6ISC,1.5
2021-04-15,Evan Almighty,2007,https://boxd.it/26s4,3
2021-04-15,Rocketman,2019,https://boxd.it/iehK,1
2021-04-15,The Social Network,2010,https://boxd.it/17ue,5
2021-04-15,The 40 Year Old Virgin,2005,https://boxd.it/21hK,4
2021-04-15,In Time,2011,https://boxd.it/FPS,3
2021-04-15,Bad Teacher,2011,https://boxd.it/yXA,3
2021-04-15,Men in Black,1997,https://boxd.it/2a0I,5
2021-04-15,The Pursuit of Happyness,2006,https://boxd.it/28PE,3
2021-04-15,Men in Black 3,2012,https://boxd.it/103U,3
2021-04-15,Shark Tale,2004,https://boxd.it/1VYe,4
2021-04-15,Men in Black II,2002,https://boxd.it/2a0y,4
2021-04-15,Bad Boys,1995,https://boxd.it/1XVG,4
2021-04-15,Contagion,2011,https://boxd.it/13rq,3
2021-04-15,The Signal,2014,https://boxd.it/77hc,4
2021-04-15,The Rocky Horror Picture Show,1975,https://boxd.it/1a3q,4
2021-04-15,Grease,1978,https://boxd.it/29YW,4
2021-04-15,Fantastic Planet,1973,https://boxd.it/1KnQ,5
2021-04-15,Super 8,2011,https://boxd.it/dVI,5
2021-04-15,Rashomon,1950,https://boxd.it/2a9K,5
2021-04-15,Julie & Julia,2009,https://boxd.it/1wXg,3
2021-04-18,Are We There Yet?,2005,https://boxd.it/1Tms,2
2021-04-18,Coraline,2009,https://boxd.it/1NhQ,4
2021-04-18,Toy Story 2,1999,https://boxd.it/29qq,1.5
2021-04-18,The Nightmare Before Christmas,1993,https://boxd.it/1YzQ,4
2021-04-18,Loving Vincent,2017,https://boxd.it/biIQ,5
2021-04-18,Lawrence of Arabia,1962,https://boxd.it/2wRE,3
