Date,Name,Year,Letterboxd URI
2021-04-13,Fargo,1996,https://boxd.it/2aHM
2021-04-15,"Good Morning, Vietnam",1987,https://boxd.it/29Aq
2021-04-15,Four Weddings and a Funeral,1994,https://boxd.it/29KA
2021-04-15,The Iron Lady,2011,https://boxd.it/2qli
2021-04-15,Death Becomes Her,1992,https://boxd.it/1YQi
2021-04-15,Pink Flamingos,1972,https://boxd.it/29NO
2021-04-18,The Hurt Locker,2008,https://boxd.it/1Soi
2021-04-18,Sugar Cane Alley,1983,https://boxd.it/XHM
2021-04-18,The Godfather,1972,https://boxd.it/2aNK
2021-04-18,City of God,2002,https://boxd.it/2a2a
2021-04-18,Ran,1985,https://boxd.it/1Tlu
2021-04-18,"One, Two, Three",1961,https://boxd.it/2ap4
2021-04-18,Ace in the Hole,1951,https://boxd.it/1vXk
2021-04-18,Apocalypse Now,1979,https://boxd.it/6ZS
2021-04-18,A Clockwork Orange,1971,https://boxd.it/2aVE
2021-04-18,Airport,1970,https://boxd.it/1VG0
2021-04-18,Blow Out,1981,https://boxd.it/1TlE
2021-04-18,Anything Else,2003,https://boxd.it/1Vw0
2021-04-18,Badlands,1973,https://boxd.it/25Fm
2021-04-18,Black Christmas,1974,https://boxd.it/1Js6
2021-04-18,Boogie Nights,1997,https://boxd.it/23um
2021-04-18,"The Adventures of Priscilla, Queen of the Desert",1994,https://boxd.it/26mg
2021-04-18,Affirmations,1990,https://boxd.it/fn0i
2021-04-18,After Stonewall,1999,https://boxd.it/196I
2021-04-18,All About Eve,1950,https://boxd.it/29LI
2021-04-18,The Alternative Miss World,1980,https://boxd.it/6nFW
2021-04-18,American Reflexxx,2015,https://boxd.it/bato
2021-04-18,Anthem,1991,https://boxd.it/8F5G
